PCR,GC,TM
TCCCATGCAGGCGAGAGTC,0.63,61.6397441772411
AGAGAGGTCCCATGCAGGC,0.63,61.6397441772411
GAGAGAGGTCCCATGCAGG,0.63,61.6397441772411
GGAGAGAGGTCCCATGCAG,0.63,61.6397441772411
TCGGAAGCCCACCCAAACC,0.63,61.6397441772411
TTCGGAAGCCCACCCAAACC,0.6,62.5029020719779
TTTCGGAAGCCCACCCAAACC,0.57,63.2838544529303
GGAAGCCCACCCAAACCAAG,0.6,62.5029020719779
CCCCATAATAGGAGCCTCATG,0.52,61.3314735005493
ATAGGAGCCTCATGGCAACAC,0.52,61.3314735005493
AATAGGAGCCTCATGGCAACAC,0.5,62.1301747992506
TAATAGGAGCCTCATGGCAACAC,0.48,62.8594238111083
CATAATAGGAGCCTCATGGCAAC,0.48,62.8594238111083
ATAATAGGAGCCTCATGGCAACAC,0.46,63.5279020719779
GCCCACCCAAACCAAGAGG,0.63,61.6397441772411
AGCCCACCCAAACCAAGAGG,0.6,62.5029020719779
AAGCCCACCCAAACCAAGAGG,0.57,63.2838544529303
GAAGCCCACCCAAACCAAGAG,0.57,63.2838544529303
GTACACTGTTGGGCTGTGGG,0.6,62.5029020719779
GGTACACTGTTGGGCTGTGG,0.6,62.5029020719779
AGGTACACTGTTGGGCTGTGG,0.57,63.2838544529303
GAGGTACACTGTTGGGCTGTG,0.57,63.2838544529303
AAGAGGTACACTGTTGGGCTG,0.52,61.3314735005493
